prouduct_code,image
SP-001,QAV-25019
Sp-002,10767_gach_viglacea_eco_s803
Sp-003,w63006
Sp-004,gach-catalan-6128
Sp-005,gach-op-chan-tuong-prime-2949-kich-thuoc-50x86-1
Sp-006 ,MTV905
Sp-007,1.9-mau_cts
Sp-008,gach-dong-tam-40-40-483-18e2b16c-293b-4b56-a85e-defac287e72b
Sp-009,20973_gach_lat_nen_60x60_ttc_fm66205
SP-010,80811_gach-lat-san-50x50-3773-vitto
Sp-011,gach-prime-2527-lat-nen-40x40-1
Sp-012 ,unnamed
Sp-013,gach-prime-8307-op-tuong-60x120
Sp-014,eurotile_30x60_VOC_G05
Sp-015,NGC-I02
Sp-016,gach-lat-nen-viglacera-eco-mt606
Sp-017,Gach-lat-nen-Viglacera-N3056
Sp-018,gach-op-tuong-30x60-vitto-2503
Sp-019,gach-taicera-g38522
Sp-020,Taicera_30×30_MS4747-318
Sp-021,gach-dong-tam-40-40-475
Sp-022,gach-80x80-mau-den-vitto-4002-xuong-da-be-mat-men-kim-cuong
Sp-041,gach-op-men-mo-ttc-FM33010
Sp-023,SA501G-min
Sp-024,3771
Sp-025,3105
Sp-026,SH512-min
Sp-027,MSQA4405-rotated-1
Sp-028,4401_fdb0dcffe02a4501802a9fd92dc6839d
Sp-029,gach-lat-san-vuon-CLG003
Sp-030,2.114-9-1
Sp-031,TPV-4511-min
Sp-032,gach-lat-prime-9064-kich-thuoc-15x60
Sp-033,Gạch-Prime-80x80-12872-300x300
Sp-034,Gach-op-tuong-viglacera-KT3601
Sp-035,BS3604
Sp-036,60cama
Sp-037,1_20
Sp-038,H506
Sp-039,22065_gach_lat_nen_80x80_vitto_815f4
Sp-040,8080DB006-NANO-0
Sp-042,american_standard_M19225
Sp-043,14043_ga_thoat_san_tron_american_standard_a_8201
